BoardID,chanID,voltage
9,1,2444.000000
7,3,2633.000000
9,2,2329.000000
9,3,2431.000000
7,2,3000.000000
7,5,2101.000000
