BoardID,chanID,voltage
6,3,775.000000
6,2,900.000000

